mieca123;123;mieca ganda;mieca@email
rain123;54321;rain martinez;rain@email
tiff123;67890;tiff rodrigo;tiff@email
mapua123;qwerty;don tomas mapua;mapua@email
user1;user123;mapua cpe;usermapua@email
hey123;tulog;user hey;hey@email
Angel;123qwe;Angel Locsin;angelLocsin@email
hehehe;hehe12;hehe joker;jkjk@email
abc;qwe;Alpha Bet;abc@email
bluej;java;bluej java;java@email
zxc;zxc;zxc vbn;zxc@email
